Analysis Type,Gender Group,Sample Size (n),Mean Value,Std Dev
Weight (kg),Male,6166,60.22804573467402,10.254236482131875
Weight (kg),Female,5510,68.69892014519057,10.227381728758866
Height (m),Male,6490,1.62991063174114,0.07376720740711108
Height (m),Female,6572,1.757364576993305,0.08377103033440375
