Group,Sample Size (n),Mean Weight (kg),Std Dev
Male,6490,62.417295839753464,14.16377785586354
Female,6572,74.60652769324408,17.37463190428676
