Group,Sample Size (n),Mean Weight (kg),Std Dev
Male,6166,60.22804573467402,10.254236482131875
Female,5510,68.69892014519057,10.227381728758866
